Workbook

Sheet How to use
A1: CAC Well-Architected Review: Findings Log
A3: Purpose | B3: One row per best practice (BP). During each review session, record the status, evidence, and notes for every BP in the domain under review. Risk if absent and NIST controls are pre-filled from the question bank.
A4: Source documents | B4: cac-well-architected-review-questions.md (questions and BP titles); cac-well-architected-review-v2.md (desired outcome, anti-patterns, investigation steps per BP); nist-800-53-to-war-mapping.md (control mapping).
A5: Review order | B5: Domains 1 through 8 in the sessions planned for Sprint 2. Domain 9 is deferred to the next cycle unless time allows.
A7: Pre-filled columns (do not edit) | B7: Domain #, Domain, Question ID, Question, BP ID, Best practice, Risk if absent, NIST 800-53 controls.
A8: Columns to fill in (yellow) | B8: Status, Evidence, Note, Finding severity, Owner, Date reviewed.
A10: Status values | B10: Implemented: the BP is in place and evidence confirms it. Partial: some of the BP is in place; the note says what is missing. Not implemented: the BP is not in place, OR the team cannot confirm it is. Unknown is recorded as Not implemented. Not applicable: the BP does not apply to this org; the note says why.
A11: Evidence | B11: A link or file reference to what proves the status: Setup screenshot, export, query result, Health Check line, document. Write 'none' if there is nothing. A status of Implemented with no evidence should be questioned.
A12: Note | B12: Why the BP is not implemented, whether it is already on the roadmap, what it conflicts with, or what was parked for later discussion. Written for the next reviewer, who may not have been in the room.
A13: Owner | B13: The domain sponsor or SME responsible for the follow-up on this row.
A15: Risk if absent | B15: Pre-filled from the question bank: the inherent risk if the practice is missing, as written when the question bank was built. Context for the group, not a decision.
A16: Finding severity | B16: Set by the review group, only on rows that are findings. High: material security, compliance, or data-loss risk, or blocks a near-term commitment. Medium: operational pain, technical debt, or moderate risk. Low: hygiene. The group may rate a finding differently from Risk if absent; the note should say why.
A17: Finding | B17: A row is a finding when Status is Partial or Not implemented. The Finding column computes this. Findings rated High by the group are the first remediation candidates.
... A22: Example row | B22: Row 2 of the Findings log is a filled example. Replace its Status, Evidence, Note, Finding severity, Owner, and Date reviewed values during the real review.

Sheet Findings log
A1: Domain # | B1: Domain | C1: Question ID | D1: Question | E1: BP ID | F1: Best practice | G1: Risk if absent (question bank) | H1: NIST 800-53 controls | I1: Status | J1: Evidence | K1: Note | L1: Finding severity | M1: Owner | N1: Date reviewed | O1: Finding
A2: 1 | B2: Identity and access | C2: TR-SEC 1 | D2: How do you manage identity and access for users and automated processes? | E2: TR-SEC1-BP01 | F2: Least-privilege profile and permission set design | G2: High | H2: AC-6 | I2: Partial | J2: Setup > Profiles export 2026-10-09; 14 custom profiles, 3 with Modify All Data | K2: Permission sets exist but most access still granted via cloned profiles. Roadmapped under Sprint 3 remediation. Example row: replace during review. | L2: High | M2: ISSO | N2: 2026-10-09 | O2: =IF(OR(I2="Partial",I2="Not implemented"),"Yes","") -> Yes
A3: 1 | B3: Identity and access | C3: TR-SEC 1 | D3: How do you manage identity and access for users and automated processes? | E3: TR-SEC1-BP02 | F3: Org-wide defaults and sharing model are deliberately set | G3: High | H3: AC-3 | O3: =IF(OR(I3="Partial",I3="Not implemented"),"Yes","")
A4: 1 | B4: Identity and access | C4: TR-SEC 1 | D4: How do you manage identity and access for users and automated processes? | E4: TR-SEC1-BP03 | F4: User lifecycle is managed (provisioning, deprovisioning, review) | G4: High | H4: AC-2, IA-4 | O4: =IF(OR(I4="Partial",I4="Not implemented"),"Yes","")
A5: 1 | B5: Identity and access | C5: TR-SEC 2 | D5: How do you control privileged access? | E5: TR-SEC2-BP01 | F5: System Administrator access is restricted to a small, documented set of users | G5: High | H5: AC-6(5) | O5: =IF(OR(I5="Partial",I5="Not implemented"),"Yes","")
A6: 1 | B6: Identity and access | C6: TR-SEC 2 | D6: How do you control privileged access? | E6: TR-SEC2-BP02 | F6: Integration and API-only users use dedicated accounts with minimum scope | G6: High | H6: AC-6, IA-2, IA-4 | O6: =IF(OR(I6="Partial",I6="Not implemented"),"Yes","")
A7: 1 | B7: Identity and access | C7: TR-SEC 2 | D7: How do you control privileged access? | E7: TR-SEC2-BP03 | F7: Break-glass / emergency access is defined and controlled | G7: Medium | H7: AC-2(7), AC-6(2) | O7: =IF(OR(I7="Partial",I7="Not implemented"),"Yes","")
A8: 1 | B8: Identity and access | C8: TR-SEC 4 | D8: How do you authenticate users? | E8: TR-SEC4-BP01 | F8: MFA is enforced for all interactive logins | G8: High | H8: IA-2(1) | O8: =IF(OR(I8="Partial",I8="Not implemented"),"Yes","")
A9: 1 | B9: Identity and access | C9: TR-SEC 4 | D9: How do you authenticate users? | E9: TR-SEC4-BP02 | F9: SSO, if used, is configured securely | G9: High | H9: IA-2, IA-8 | O9: =IF(OR(I9="Partial",I9="Not implemented"),"Yes","")
A10: 1 | B10: Identity and access | C10: TR-SEC 4 | D10: How do you authenticate users? | E10: TR-SEC4-BP03 | F10: Password policy meets FedRAMP Moderate expectations | G10: Medium | H10: IA-5, AC-7 | O10: =IF(OR(I10="Partial",I10="Not implemented"),"Yes","")
A11: 1 | B11: Identity and access | C11: TR-SEC 5 | D11: How do you control sessions and network access? | E11: TR-SEC5-BP01 | F11: Session timeout, secure connection, and cookie settings match data sensitivity | G11: High | H11: AC-12, SC-8, SC-23, AC-11, SC-10, IA-11 | O11: =IF(OR(I11="Partial",I11="Not implemented"),"Yes","")
A12: 1 | B12: Identity and access | C12: TR-SEC 5 | D12: How do you control sessions and network access? | E12: TR-SEC5-BP02 | F12: Login IP ranges and login hours are configured for sensitive profiles | G12: Medium | H12: AC-2, AC-17 | O12: =IF(OR(I12="Partial",I12="Not implemented"),"Yes","")
A13: 1 | B13: Identity and access | C13: TR-SEC 5 | D13: How do you control sessions and network access? | E13: TR-SEC5-BP03 | F13: Mobile access is governed | G13: Medium | H13: AC-19, AC-17 | O13: =IF(OR(I13="Partial",I13="Not implemented"),"Yes","")
A14: 1 | B14: Identity and access | C14: TR-SEC 10 | D14: How do you separate duties across administration, development, and deployment? | E14: TR-SEC10-BP01 | F14: Change authors, approvers, and deployers are different people | G14: High | H14: AC-5, CM-5 | O14: =IF(OR(I14="Partial",I14="Not implemented"),"Yes","")
... A107: 9 | B107: Maintainability and usability | C107: AD-CMP 1 | D107: How do you keep concerns separated in the org? | E107: AD-CMP1-BP02 | F107: Automation responsibility per object is consolidated and clear | G107: Medium | H107: — | O107: =IF(OR(I107="Partial",I107="Not implemented"),"Yes","")

Sheet Summary
A1: Findings by domain
A2: Domain | B2: BPs | C2: Implemented | D2: Partial | E2: Not implemented | F2: Not applicable | G2: Not yet reviewed | H2: Findings
A3: 1. Identity and access | B3: =COUNTIF('Findings log'!$A$2:$A$107,1) -> 14 | C3: =COUNTIFS('Findings log'!$A$2:$A$107,1,'Findings log'!$I$2:$I$107,"Implemented") -> 0 | D3: =COUNTIFS('Findings log'!$A$2:$A$107,1,'Findings log'!$I$2:$I$107,"Partial") -> 1 | E3: =COUNTIFS('Findings log'!$A$2:$A$107,1,'Findings log'!$I$2:$I$107,"Not implemented") -> 0 | F3: =COUNTIFS('Findings log'!$A$2:$A$107,1,'Findings log'!$I$2:$I$107,"Not applicable") -> 0 | G3: =B3-SUM(C3:F3) -> 13 | H3: =D3+E3 -> 1
A4: 2. External exposure and integration | B4: =COUNTIF('Findings log'!$A$2:$A$107,2) -> 13 | C4: =COUNTIFS('Findings log'!$A$2:$A$107,2,'Findings log'!$I$2:$I$107,"Implemented") -> 0 | D4: =COUNTIFS('Findings log'!$A$2:$A$107,2,'Findings log'!$I$2:$I$107,"Partial") -> 0 | E4: =COUNTIFS('Findings log'!$A$2:$A$107,2,'Findings log'!$I$2:$I$107,"Not implemented") -> 0 | F4: =COUNTIFS('Findings log'!$A$2:$A$107,2,'Findings log'!$I$2:$I$107,"Not applicable") -> 0 | G4: =B4-SUM(C4:F4) -> 13 | H4: =D4+E4 -> 0
A5: 3. Data protection | B5: =COUNTIF('Findings log'!$A$2:$A$107,3) -> 15 | C5: =COUNTIFS('Findings log'!$A$2:$A$107,3,'Findings log'!$I$2:$I$107,"Implemented") -> 0 | D5: =COUNTIFS('Findings log'!$A$2:$A$107,3,'Findings log'!$I$2:$I$107,"Partial") -> 0 | E5: =COUNTIFS('Findings log'!$A$2:$A$107,3,'Findings log'!$I$2:$I$107,"Not implemented") -> 0 | F5: =COUNTIFS('Findings log'!$A$2:$A$107,3,'Findings log'!$I$2:$I$107,"Not applicable") -> 0 | G5: =B5-SUM(C5:F5) -> 15 | H5: =D5+E5 -> 0
A6: 4. Application security | B6: =COUNTIF('Findings log'!$A$2:$A$107,4) -> 10 | C6: =COUNTIFS('Findings log'!$A$2:$A$107,4,'Findings log'!$I$2:$I$107,"Implemented") -> 0 | D6: =COUNTIFS('Findings log'!$A$2:$A$107,4,'Findings log'!$I$2:$I$107,"Partial") -> 0 | E6: =COUNTIFS('Findings log'!$A$2:$A$107,4,'Findings log'!$I$2:$I$107,"Not implemented") -> 0 | F6: =COUNTIFS('Findings log'!$A$2:$A$107,4,'Findings log'!$I$2:$I$107,"Not applicable") -> 0 | G6: =B6-SUM(C6:F6) -> 10 | H6: =D6+E6 -> 0
A7: 5. Logging, monitoring, and detection | B7: =COUNTIF('Findings log'!$A$2:$A$107,5) -> 10 | C7: =COUNTIFS('Findings log'!$A$2:$A$107,5,'Findings log'!$I$2:$I$107,"Implemented") -> 0 | D7: =COUNTIFS('Findings log'!$A$2:$A$107,5,'Findings log'!$I$2:$I$107,"Partial") -> 0 | E7: =COUNTIFS('Findings log'!$A$2:$A$107,5,'Findings log'!$I$2:$I$107,"Not implemented") -> 0 | F7: =COUNTIFS('Findings log'!$A$2:$A$107,5,'Findings log'!$I$2:$I$107,"Not applicable") -> 0 | G7: =B7-SUM(C7:F7) -> 10 | H7: =D7+E7 -> 0
A8: 6. Change and configuration management | B8: =COUNTIF('Findings log'!$A$2:$A$107,6) -> 14 | C8: =COUNTIFS('Findings log'!$A$2:$A$107,6,'Findings log'!$I$2:$I$107,"Implemented") -> 0 | D8: =COUNTIFS('Findings log'!$A$2:$A$107,6,'Findings log'!$I$2:$I$107,"Partial") -> 0 | E8: =COUNTIFS('Findings log'!$A$2:$A$107,6,'Findings log'!$I$2:$I$107,"Not implemented") -> 0 | F8: =COUNTIFS('Findings log'!$A$2:$A$107,6,'Findings log'!$I$2:$I$107,"Not applicable") -> 0 | G8: =B8-SUM(C8:F8) -> 14 | H8: =D8+E8 -> 0
A9: 7. Resilience and recovery | B9: =COUNTIF('Findings log'!$A$2:$A$107,7) -> 8 | C9: =COUNTIFS('Findings log'!$A$2:$A$107,7,'Findings log'!$I$2:$I$107,"Implemented") -> 0 | D9: =COUNTIFS('Findings log'!$A$2:$A$107,7,'Findings log'!$I$2:$I$107,"Partial") -> 0 | E9: =COUNTIFS('Findings log'!$A$2:$A$107,7,'Findings log'!$I$2:$I$107,"Not implemented") -> 0 | F9: =COUNTIFS('Findings log'!$A$2:$A$107,7,'Findings log'!$I$2:$I$107,"Not applicable") -> 0 | G9: =B9-SUM(C9:F9) -> 8 | H9: =D9+E9 -> 0
A10: 8. Compliance and governance | B10: =COUNTIF('Findings log'!$A$2:$A$107,8) -> 9 | C10: =COUNTIFS('Findings log'!$A$2:$A$107,8,'Findings log'!$I$2:$I$107,"Implemented") -> 0 | D10: =COUNTIFS('Findings log'!$A$2:$A$107,8,'Findings log'!$I$2:$I$107,"Partial") -> 0 | E10: =COUNTIFS('Findings log'!$A$2:$A$107,8,'Findings log'!$I$2:$I$107,"Not implemented") -> 0 | F10: =COUNTIFS('Findings log'!$A$2:$A$107,8,'Findings log'!$I$2:$I$107,"Not applicable") -> 0 | G10: =B10-SUM(C10:F10) -> 9 | H10: =D10+E10 -> 0
A11: 9. Maintainability and usability | B11: =COUNTIF('Findings log'!$A$2:$A$107,9) -> 13 | C11: =COUNTIFS('Findings log'!$A$2:$A$107,9,'Findings log'!$I$2:$I$107,"Implemented") -> 0 | D11: =COUNTIFS('Findings log'!$A$2:$A$107,9,'Findings log'!$I$2:$I$107,"Partial") -> 0 | E11: =COUNTIFS('Findings log'!$A$2:$A$107,9,'Findings log'!$I$2:$I$107,"Not implemented") -> 0 | F11: =COUNTIFS('Findings log'!$A$2:$A$107,9,'Findings log'!$I$2:$I$107,"Not applicable") -> 0 | G11: =B11-SUM(C11:F11) -> 13 | H11: =D11+E11 -> 0
A12: Total | B12: =SUM(B3:B11) -> 106 | C12: =SUM(C3:C11) -> 0 | D12: =SUM(D3:D11) -> 1 | E12: =SUM(E3:E11) -> 0 | F12: =SUM(F3:F11) -> 0 | G12: =SUM(G3:G11) -> 105 | H12: =SUM(H3:H11) -> 1
A14: Findings by severity
A15: Finding severity (set by review group) | B15: Findings | C15: Partial | D15: Not implemented
A16: High | B16: =COUNTIF('Findings log'!$L$2:$L$107,"High") -> 1 | C16: =COUNTIFS('Findings log'!$L$2:$L$107,"High",'Findings log'!$I$2:$I$107,"Partial") -> 1 | D16: =COUNTIFS('Findings log'!$L$2:$L$107,"High",'Findings log'!$I$2:$I$107,"Not implemented") -> 0
A17: Medium | B17: =COUNTIF('Findings log'!$L$2:$L$107,"Medium") -> 0 | C17: =COUNTIFS('Findings log'!$L$2:$L$107,"Medium",'Findings log'!$I$2:$I$107,"Partial") -> 0 | D17: =COUNTIFS('Findings log'!$L$2:$L$107,"Medium",'Findings log'!$I$2:$I$107,"Not implemented") -> 0
A18: Low | B18: =COUNTIF('Findings log'!$L$2:$L$107,"Low") -> 0 | C18: =COUNTIFS('Findings log'!$L$2:$L$107,"Low",'Findings log'!$I$2:$I$107,"Partial") -> 0 | D18: =COUNTIFS('Findings log'!$L$2:$L$107,"Low",'Findings log'!$I$2:$I$107,"Not implemented") -> 0
A20: Highest priority: findings rated High by the review group | B20: =COUNTIFS('Findings log'!$L$2:$L$107,"High",'Findings log'!$O$2:$O$107,"Yes") -> 1
A21: All counts update from the Findings log. No manual entry on this sheet.
